{"realtime_start": "2019-12-23", "realtime_end": "2019-12-23", "seriess": [{"id": "IPG211111CN", "realtime_start": "2019-12-23", "realtime_end": "2019-12-23", "title": "Industrial Production: Mining: Crude oil", "observation_start": "1972-01-01", "observation_end": "2019-11-01", "frequency": "Monthly", "frequency_short": "M", "units": "Index 2012=100", "units_short": "Index 2012=100", "seasonal_adjustment": "Not Seasonally Adjusted", "seasonal_adjustment_short": "NSA", "last_updated": "2019-12-17 08:28:02-06", "popularity": 41, "notes": "The industrial production (IP) index measures the real output of all relevant establishments located in the United States, regardless of their ownership, but not those located in U.S. territories.\n\nNAICS = 211111pt.\n\nSource Code: IP.G211111C.N"}]}